-- phpMyAdmin SQL Dump
-- version 4.4.14
-- http://www.phpmyadmin.net
--
-- Φιλοξενητής: 127.0.0.1
-- Χρόνος δημιουργίας: 18 Οκτ 2015 στις 15:41:46
-- Έκδοση διακομιστή: 5.6.26
-- Έκδοση PHP: 5.6.12

SET SQL_MODE = "NO_AUTO_VALUE_ON_ZERO";
SET time_zone = "+00:00";


/*!40101 SET @OLD_CHARACTER_SET_CLIENT=@@CHARACTER_SET_CLIENT */;
/*!40101 SET @OLD_CHARACTER_SET_RESULTS=@@CHARACTER_SET_RESULTS */;
/*!40101 SET @OLD_COLLATION_CONNECTION=@@COLLATION_CONNECTION */;
/*!40101 SET NAMES utf8mb4 */;

--
-- Βάση δεδομένων: `ideal`
--

-- --------------------------------------------------------

--
-- Δομή πίνακα για τον πίνακα `androidreservations`
--

CREATE TABLE IF NOT EXISTS `androidreservations` (
  `ID` int(11) NOT NULL,
  `FullName` varchar(100) COLLATE utf8_unicode_ci NOT NULL,
  `Date_In` date NOT NULL,
  `Date_Out` date NOT NULL,
  `State` int(1) NOT NULL,
  `Created` date NOT NULL
) ENGINE=MyISAM DEFAULT CHARSET=utf8 COLLATE=utf8_unicode_ci;

-- --------------------------------------------------------

--
-- Δομή πίνακα για τον πίνακα `availability`
--

CREATE TABLE IF NOT EXISTS `availability` (
  `Dates` date NOT NULL,
  `1` varchar(4) COLLATE utf8_unicode_ci NOT NULL DEFAULT '0',
  `2` varchar(4) COLLATE utf8_unicode_ci NOT NULL DEFAULT '0',
  `3` varchar(4) COLLATE utf8_unicode_ci NOT NULL DEFAULT '0',
  `4` varchar(4) COLLATE utf8_unicode_ci NOT NULL DEFAULT '0',
  `5` varchar(4) COLLATE utf8_unicode_ci NOT NULL DEFAULT '0',
  `6` varchar(4) COLLATE utf8_unicode_ci NOT NULL DEFAULT '0',
  `7` varchar(4) COLLATE utf8_unicode_ci NOT NULL DEFAULT '0',
  `8` varchar(4) COLLATE utf8_unicode_ci NOT NULL DEFAULT '0',
  `9` varchar(4) COLLATE utf8_unicode_ci NOT NULL DEFAULT '0'
) ENGINE=MyISAM DEFAULT CHARSET=utf8 COLLATE=utf8_unicode_ci;

--
-- Άδειασμα δεδομένων του πίνακα `availability`
--

INSERT INTO `availability` (`Dates`, `1`, `2`, `3`, `4`, `5`, `6`, `7`, `8`, `9`) VALUES
('2014-05-09', '1', '1', '1', '0', '0', '0', '0', '0', '0'),
('2014-05-10', '1', '1', '1', '0', '0', '0', '0', '0', '0'),
('2014-05-11', '1', '1', '1', '0', '0', '0', '0', '0', '0'),
('2014-05-12', '1', '1', '1', '0', '0', '0', '0', '0', '0'),
('2014-05-13', '1', '1', '1', '0', '0', '0', '0', '0', '0'),
('2014-05-14', '1', '1', '1', '0', '0', '0', '0', '0', '0'),
('2014-05-15', '1', '1', '1', '0', '0', '0', '0', '0', '0'),
('2014-05-16', '1', '1', '1', '0', '0', '0', '0', '0', '0'),
('2014-05-17', '1', '1', '1', '0', '0', '0', '0', '0', '0'),
('2014-05-18', '1', '1', '1', '0', '0', '0', '0', '0', '0'),
('2014-05-19', '1', '1', '1', '0', '0', '0', '0', '0', '0'),
('2014-05-20', '1', '1', '1', '0', '0', '0', '0', '0', '0'),
('2014-05-21', '1', '1', '1', '0', '0', '0', '0', '0', '0'),
('2014-05-22', '1', '1', '1', '0', '0', '0', '0', '0', '0'),
('2014-05-23', '1', '1', '1', '0', '0', '0', '0', '0', '0'),
('2014-05-24', '1', '1', '1', '0', '0', '0', '0', '0', '0'),
('2014-05-25', '1', '1', '1', '0', '0', '0', '0', '0', '0'),
('2014-05-26', '1', '1', '1', '0', '0', '0', '0', '0', '0'),
('2014-05-27', '1', '1', '1', '0', '0', '0', '0', '0', '0'),
('2014-05-28', '1', '1', '1', '0', '0', '0', '0', '0', '0'),
('2014-05-29', '1', '1', '1', '0', '0', '0', '0', '0', '0'),
('2014-05-30', '1', '1', '1', '0', '0', '0', '0', '0', '0'),
('2014-05-31', '1', '1', '1', '0', '0', '0', '0', '0', '0'),
('2014-06-01', '1', '1', '1', '0', '0', '0', '0', '0', '0'),
('2014-06-02', '1', '1', '1', '0', '0', '0', '0', '0', '0'),
('2014-06-03', '1', '1', '1', '0', '0', '0', '0', '0', '0'),
('2014-06-04', '1', '1', '1', '0', '0', '0', '0', '0', '0'),
('2014-06-05', '1', '1', '1', '0', '0', '0', '0', '0', '0'),
('2014-06-06', '1', '1', '1', '0', '0', '0', '0', '0', '0'),
('2014-06-07', '1', '1', '1', '0', '0', '0', '0', '0', '0'),
('2014-06-08', '1', '1', '1', '0', '0', '0', '0', '0', '0'),
('2014-06-09', '1', '1', '1', '0', '0', '0', '0', '0', '0'),
('2014-06-10', '1', '1', '1', '0', '0', '0', '0', '0', '0'),
('2014-06-11', '1', '1', '1', '0', '0', '0', '0', '0', '0'),
('2014-06-12', '1', '1', '1', '0', '0', '0', '0', '0', '0'),
('2014-06-13', '1', '1', '1', '0', '0', '0', '0', '0', '0'),
('2014-06-14', '1', '1', '1', '0', '0', '0', '0', '0', '0'),
('2014-06-15', '1', '1', '1', '0', '0', '0', '0', '0', '0'),
('2014-06-16', '1', '1', '1', '0', '0', '0', '0', '0', '0'),
('2014-06-17', '1', '1', '1', '0', '0', '0', '0', '0', '0'),
('2014-06-18', '1', '1', '1', '0', '0', '0', '0', '0', '0'),
('2014-06-19', '1', '1', '1', '0', '0', '0', '0', '0', '0'),
('2014-06-20', '1', '1', '1', '0', '0', '0', '0', '0', '0'),
('2014-06-21', '1', '1', '1', '0', '0', '0', '0', '0', '0'),
('2014-06-22', '1', '1', '1', '0', '0', '0', '0', '0', '0'),
('2014-06-23', '1', '1', '1', '0', '0', '0', '0', '0', '0'),
('2014-06-24', '1', '1', '1', '0', '0', '0', '0', '0', '0'),
('2014-06-25', '1', '1', '1', '0', '0', '0', '0', '0', '0'),
('2014-06-26', '1', '1', '1', '0', '0', '0', '0', '0', '0'),
('2014-06-27', '1', '1', '1', '0', '0', '0', '0', '0', '0'),
('2014-06-28', '1', '1', '1', '0', '0', '0', '0', '0', '0'),
('2014-06-29', '1', '1', '1', '0', '0', '0', '0', '0', '0'),
('2014-06-30', '1', '1', '1', '0', '0', '0', '0', '0', '0'),
('2014-07-01', '1', '1', '1', '0', '0', '0', '0', '0', '0'),
('2014-07-02', '1', '1', '1', '0', '0', '0', '0', '0', '0'),
('2014-07-03', '1', '1', '1', '0', '0', '0', '0', '0', '0'),
('2014-07-04', '1', '1', '1', '0', '0', '0', '0', '0', '0'),
('2014-07-05', '1', '1', '1', '0', '0', '0', '0', '0', '0'),
('2014-07-06', '1', '1', '1', '0', '0', '0', '0', '0', '0'),
('2014-07-07', '1', '1', '1', '0', '0', '0', '0', '0', '0'),
('2014-07-08', '1', '1', '1', '0', '0', '0', '0', '0', '0'),
('2014-07-09', '1', '1', '1', '0', '0', '0', '0', '0', '0'),
('2014-07-10', '1', '1', '1', '0', '0', '0', '0', '0', '0'),
('2014-07-11', '1', '1', '1', '0', '0', '0', '0', '0', '0'),
('2014-07-12', '1', '1', '1', '0', '0', '0', '0', '0', '0'),
('2014-07-13', '1', '1', '1', '0', '0', '0', '0', '0', '0'),
('2014-07-14', '1', '1', '1', '0', '0', '0', '0', '0', '0'),
('2014-07-15', '1', '1', '1', '0', '0', '0', '0', '0', '0'),
('2014-07-16', '1', '1', '1', '0', '0', '0', '0', '0', '0'),
('2014-07-17', '1', '1', '1', '0', '0', '0', '0', '0', '0'),
('2014-07-18', '1', '1', '1', '0', '0', '0', '0', '0', '0'),
('2014-07-19', '1', '1', '1', '0', '0', '0', '0', '0', '0'),
('2014-07-20', '1', '1', '1', '0', '0', '0', '0', '0', '0'),
('2014-07-21', '1', '1', '1', '0', '0', '0', '0', '0', '0'),
('2014-07-22', '1', '1', '1', '0', '0', '0', '0', '0', '0'),
('2014-07-23', '1', '1', '1', '0', '0', '0', '0', '0', '0'),
('2014-07-24', '1', '1', '1', '0', '0', '0', '0', '0', '0'),
('2014-07-25', '1', '1', '1', '0', '0', '0', '0', '0', '0'),
('2014-07-26', '1', '1', '1', '0', '0', '0', '0', '0', '0'),
('2014-07-27', '1', '1', '1', '0', '0', '0', '0', '0', '0'),
('2014-07-28', '1', '1', '1', '0', '0', '0', '0', '0', '0'),
('2014-07-29', '1', '1', '1', '0', '0', '0', '0', '0', '0'),
('2014-07-30', '1', '1', '1', '0', '0', '0', '0', '0', '0'),
('2014-07-31', '1', '1', '1', '0', '0', '0', '0', '0', '0'),
('2014-08-01', '1', '1', '1', '0', '0', '0', '0', '0', '0'),
('2014-08-02', '1', '1', '1', '0', '0', '0', '0', '0', '0'),
('2014-08-03', '1', '1', '1', '0', '0', '0', '0', '0', '0'),
('2014-08-04', '1', '1', '1', '0', '0', '0', '0', '0', '0'),
('2014-08-05', '1', '1', '1', '0', '0', '0', '0', '0', '0'),
('2014-08-06', '1', '1', '1', '0', '0', '0', '0', '0', '0'),
('2014-08-07', '1', '1', '1', '0', '0', '0', '0', '0', '0'),
('2014-08-08', '1', '1', '1', '0', '0', '0', '0', '0', '0'),
('2014-08-09', '1', '1', '1', '0', '0', '0', '0', '0', '0'),
('2014-08-10', '1', '1', '1', '0', '0', '0', '0', '0', '0'),
('2014-08-11', '1', '1', '1', '0', '0', '0', '0', '0', '0'),
('2014-08-12', '1', '1', '1', '0', '0', '0', '0', '0', '0'),
('2014-08-13', '1', '1', '1', '0', '0', '0', '0', '0', '0'),
('2014-08-14', '1', '1', '1', '0', '0', '0', '0', '0', '0'),
('2014-08-15', '1', '1', '1', '0', '0', '0', '0', '0', '0'),
('2014-08-16', '1', '1', '1', '0', '0', '0', '0', '0', '0'),
('2014-08-17', '1', '1', '1', '0', '0', '0', '0', '0', '0'),
('2014-08-18', '1', '1', '1', '0', '0', '0', '0', '0', '0'),
('2014-08-19', '1', '1', '1', '0', '0', '0', '0', '0', '0'),
('2014-08-20', '1', '1', '1', '0', '0', '0', '0', '0', '0'),
('2014-08-21', '1', '1', '1', '0', '0', '0', '0', '0', '0'),
('2014-08-22', '1', '1', '1', '0', '0', '0', '0', '0', '0'),
('2014-08-23', '1', '1', '1', '0', '0', '0', '0', '0', '0'),
('2014-08-24', '1', '1', '1', '0', '0', '0', '0', '0', '0'),
('2014-08-25', '1', '1', '1', '0', '0', '0', '0', '0', '0'),
('2014-08-26', '1', '1', '1', '0', '0', '0', '0', '0', '0'),
('2014-08-27', '1', '1', '1', '0', '0', '0', '0', '0', '0'),
('2014-08-28', '1', '1', '1', '0', '0', '0', '0', '0', '0'),
('2014-08-29', '1', '1', '1', '0', '0', '0', '0', '0', '0'),
('2014-08-30', '1', '1', '1', '0', '0', '0', '0', '0', '0'),
('2014-08-31', '1', '1', '1', '0', '0', '0', '0', '0', '0'),
('2014-09-01', '1', '1', '1', '0', '0', '0', '0', '0', '0'),
('2014-09-02', '1', '1', '1', '0', '0', '0', '0', '0', '0'),
('2014-09-03', '1', '1', '1', '0', '0', '0', '0', '0', '0'),
('2014-09-04', '1', '1', '1', '0', '0', '0', '0', '0', '0'),
('2014-09-05', '1', '1', '1', '0', '0', '0', '0', '0', '0'),
('2014-09-06', '1', '1', '1', '0', '0', '0', '0', '0', '0'),
('2014-09-07', '1', '1', '1', '0', '0', '0', '0', '0', '0'),
('2014-09-08', '1', '1', '1', '0', '0', '0', '0', '0', '0'),
('2014-09-09', '1', '1', '1', '0', '0', '0', '0', '0', '0'),
('2014-09-10', '1', '1', '1', '0', '0', '0', '0', '0', '0'),
('2014-09-11', '1', '1', '1', '0', '0', '0', '0', '0', '0'),
('2014-09-12', '1', '1', '1', '0', '0', '0', '0', '0', '0'),
('2014-09-13', '1', '1', '1', '0', '0', '0', '0', '0', '0'),
('2014-09-14', '1', '1', '1', '0', '0', '0', '0', '0', '0'),
('2014-09-15', '1', '1', '1', '0', '0', '0', '0', '0', '0'),
('2014-09-16', '1', '1', '1', '0', '0', '0', '0', '0', '0'),
('2014-09-17', '1', '1', '1', '0', '0', '0', '0', '0', '0'),
('2014-09-18', '1', '1', '1', '0', '0', '0', '0', '0', '0'),
('2014-09-19', '1', '1', '1', '0', '0', '0', '0', '0', '0'),
('2014-09-20', '1', '1', '1', '0', '0', '0', '0', '0', '0'),
('2014-09-21', '1', '1', '1', '0', '0', '0', '0', '0', '0'),
('2014-09-22', '1', '1', '1', '0', '0', '0', '0', '0', '0'),
('2014-09-23', '1', '1', '1', '0', '0', '0', '0', '0', '0'),
('2014-09-24', '1', '1', '1', '0', '0', '0', '0', '0', '0'),
('2014-09-25', '1', '1', '1', '0', '0', '0', '0', '0', '0'),
('2014-09-26', '1', '1', '1', '0', '0', '0', '0', '0', '0'),
('2014-09-27', '1', '1', '1', '0', '0', '0', '0', '0', '0'),
('2014-09-28', '1', '1', '1', '0', '0', '0', '0', '0', '0'),
('2014-09-29', '1', '1', '1', '0', '0', '0', '0', '0', '0'),
('2014-09-30', '1', '1', '1', '0', '0', '0', '0', '0', '0'),
('2014-11-15', '1', '0', '0', '0', '0', '0', '0', '0', '0'),
('2014-11-16', '1', '0', '0', '0', '0', '0', '0', '0', '0'),
('2014-11-17', '1', '0', '0', '0', '0', '0', '0', '0', '0'),
('2014-11-18', '15', '0', '0', '0', '0', '0', '0', '0', '0'),
('2014-11-19', '15', '0', '0', '0', '0', '0', '0', '0', '0'),
('2014-11-28', '0', '0', '6', '0', '0', '0', '0', '0', '0'),
('2014-11-29', '0', '0', '5', '0', '0', '0', '0', '0', '0'),
('2014-11-30', '0', '0', '6', '0', '0', '0', '0', '0', '0'),
('2015-01-22', '4', '0', '0', '0', '0', '0', '0', '0', '0'),
('2015-01-23', '4', '0', '0', '0', '0', '0', '0', '0', '0'),
('2015-01-24', '4', '0', '0', '0', '0', '0', '0', '0', '0'),
('2015-01-25', '4', '0', '0', '0', '0', '0', '0', '0', '0'),
('2015-01-26', '4', '0', '0', '0', '0', '0', '0', '0', '0'),
('2015-01-27', '4', '0', '0', '0', '0', '0', '0', '0', '0'),
('2015-02-12', '15', '15', '0', '0', '0', '0', '0', '0', '0'),
('2015-02-13', '15', '15', '0', '0', '0', '0', '0', '0', '0'),
('2015-02-14', '15', '15', '0', '0', '0', '0', '0', '0', '0'),
('2015-02-15', '15', '15', '0', '0', '0', '0', '0', '0', '0'),
('2015-02-16', '15', '15', '0', '0', '0', '0', '0', '0', '0'),
('2015-02-17', '15', '15', '0', '0', '0', '0', '0', '0', '0'),
('2015-02-18', '15', '15', '0', '0', '0', '0', '0', '0', '0'),
('2015-02-19', '15', '15', '0', '0', '0', '0', '0', '0', '0'),
('2015-02-20', '15', '15', '0', '0', '0', '0', '0', '0', '0'),
('2015-02-21', '15', '15', '0', '0', '0', '0', '0', '0', '0'),
('2015-02-22', '15', '15', '0', '0', '0', '0', '0', '0', '0'),
('2015-02-23', '15', '15', '0', '0', '0', '0', '0', '0', '0'),
('2015-02-24', '15', '15', '0', '0', '0', '0', '0', '0', '0'),
('2015-02-25', '15', '15', '0', '0', '0', '0', '0', '0', '0'),
('2015-02-26', '15', '15', '0', '0', '0', '0', '0', '0', '0'),
('2015-02-27', '15', '15', '0', '0', '0', '0', '0', '0', '0'),
('2015-02-28', '15', '15', '0', '0', '0', '0', '0', '0', '0'),
('2015-03-01', '15', '15', '0', '0', '0', '0', '0', '0', '0'),
('2015-03-02', '15', '15', '0', '0', '0', '0', '0', '0', '0'),
('2015-03-03', '15', '15', '0', '0', '0', '0', '0', '0', '0'),
('2015-03-04', '15', '15', '0', '0', '0', '0', '0', '0', '0'),
('2015-03-05', '15', '15', '0', '0', '0', '0', '0', '0', '0'),
('2015-03-06', '15', '15', '0', '0', '0', '0', '0', '0', '0'),
('2015-03-07', '15', '15', '0', '0', '0', '0', '0', '0', '0'),
('2015-03-08', '15', '15', '0', '0', '0', '0', '0', '0', '0'),
('2015-03-09', '15', '15', '0', '0', '0', '0', '0', '0', '0'),
('2015-03-10', '13', '15', '0', '0', '0', '0', '0', '0', '0'),
('2015-03-11', '13', '15', '0', '0', '0', '0', '0', '0', '0'),
('2015-03-12', '15', '15', '0', '0', '0', '0', '0', '0', '0'),
('2015-03-13', '15', '15', '0', '0', '0', '0', '0', '0', '0'),
('2015-03-14', '15', '15', '0', '0', '0', '0', '0', '0', '0'),
('2015-03-15', '15', '15', '0', '0', '0', '0', '0', '0', '0'),
('2015-03-16', '15', '15', '0', '0', '0', '0', '0', '0', '0'),
('2015-03-17', '15', '15', '0', '0', '0', '0', '0', '0', '0'),
('2015-03-18', '15', '15', '0', '0', '0', '0', '0', '0', '0'),
('2015-03-19', '15', '15', '0', '0', '0', '0', '0', '0', '0'),
('2015-03-20', '15', '15', '0', '0', '0', '0', '0', '0', '0'),
('2015-03-21', '15', '15', '0', '0', '0', '0', '0', '0', '0'),
('2015-03-22', '15', '15', '0', '0', '0', '0', '0', '0', '0'),
('2015-03-23', '15', '15', '0', '0', '0', '0', '0', '0', '0'),
('2015-03-24', '15', '15', '0', '0', '0', '0', '0', '0', '0'),
('2015-03-25', '15', '15', '0', '0', '0', '0', '0', '0', '0'),
('2015-03-26', '13', '14', '0', '0', '0', '0', '0', '0', '0'),
('2015-03-27', '14', '15', '0', '0', '0', '0', '0', '0', '0'),
('2015-03-28', '14', '15', '0', '0', '0', '0', '0', '0', '0'),
('2015-03-29', '14', '15', '0', '0', '0', '0', '0', '0', '0'),
('2015-03-30', '14', '15', '0', '0', '0', '0', '0', '0', '0'),
('2015-03-31', '15', '15', '0', '0', '0', '0', '0', '0', '0'),
('2015-04-01', '15', '15', '0', '0', '0', '0', '0', '0', '0'),
('2015-04-02', '15', '15', '0', '0', '0', '0', '0', '0', '0'),
('2015-04-03', '15', '15', '0', '0', '0', '0', '0', '0', '0'),
('2015-04-04', '15', '15', '0', '0', '0', '0', '0', '0', '0'),
('2015-04-05', '15', '15', '0', '0', '0', '0', '0', '0', '0'),
('2015-04-06', '15', '15', '0', '0', '0', '0', '0', '0', '0'),
('2015-04-07', '15', '15', '0', '0', '0', '0', '0', '0', '0'),
('2015-04-08', '15', '15', '0', '0', '0', '0', '0', '0', '0'),
('2015-04-09', '15', '15', '0', '0', '0', '0', '0', '0', '0'),
('2015-04-10', '15', '15', '0', '0', '0', '0', '0', '0', '0'),
('2015-04-11', '15', '15', '0', '0', '0', '0', '0', '0', '0'),
('2015-04-12', '15', '15', '0', '0', '0', '0', '0', '0', '0'),
('2015-04-13', '15', '15', '0', '0', '0', '0', '0', '0', '0'),
('2015-04-14', '15', '15', '0', '0', '0', '0', '0', '0', '0'),
('2015-04-15', '15', '15', '0', '0', '0', '0', '0', '0', '0'),
('2015-04-16', '15', '15', '0', '0', '0', '0', '0', '0', '0'),
('2015-04-17', '15', '15', '0', '0', '0', '0', '0', '0', '0'),
('2015-04-18', '15', '15', '0', '0', '0', '0', '0', '0', '0'),
('2015-04-19', '15', '15', '0', '0', '0', '0', '0', '0', '0'),
('2015-04-20', '15', '15', '0', '0', '0', '0', '0', '0', '0'),
('2015-04-21', '15', '15', '0', '0', '0', '0', '0', '0', '0'),
('2015-04-22', '15', '15', '0', '0', '0', '0', '0', '0', '0'),
('2015-04-23', '15', '15', '0', '0', '0', '0', '0', '0', '0'),
('2015-04-24', '15', '15', '0', '0', '0', '0', '0', '0', '0'),
('2015-04-25', '15', '15', '0', '0', '0', '0', '0', '0', '0'),
('2015-04-26', '15', '15', '0', '0', '0', '0', '0', '0', '0'),
('2015-04-27', '15', '15', '0', '0', '0', '0', '0', '0', '0'),
('2015-04-28', '15', '15', '0', '0', '0', '0', '0', '0', '0'),
('2015-04-29', '15', '15', '0', '0', '0', '0', '0', '0', '0'),
('2015-04-30', '15', '15', '0', '0', '0', '0', '0', '0', '0'),
('2015-05-01', '15', '15', '0', '0', '0', '0', '0', '0', '0'),
('2015-05-02', '15', '15', '0', '0', '0', '0', '0', '0', '0'),
('2015-05-03', '15', '15', '0', '0', '0', '0', '0', '0', '0'),
('2015-05-04', '15', '15', '0', '0', '0', '0', '0', '0', '0'),
('2015-05-05', '15', '15', '0', '0', '0', '0', '0', '0', '0'),
('2015-05-06', '15', '15', '0', '0', '0', '0', '0', '0', '0'),
('2015-05-07', '15', '15', '0', '0', '0', '0', '0', '0', '0'),
('2015-05-08', '15', '15', '0', '0', '0', '0', '0', '0', '0'),
('2015-05-09', '15', '15', '0', '0', '0', '0', '0', '0', '0'),
('2015-05-10', '15', '15', '0', '0', '0', '0', '0', '0', '0'),
('2015-05-11', '15', '15', '0', '0', '0', '0', '0', '0', '0'),
('2015-05-12', '15', '15', '0', '0', '0', '0', '0', '0', '0'),
('2015-05-13', '15', '15', '0', '0', '0', '0', '0', '0', '0'),
('2015-05-14', '15', '15', '0', '0', '0', '0', '0', '0', '0'),
('2015-05-15', '15', '15', '0', '0', '0', '0', '0', '0', '0'),
('2015-05-16', '15', '15', '0', '0', '0', '0', '0', '0', '0'),
('2015-05-17', '15', '15', '0', '0', '0', '0', '0', '0', '0'),
('2015-05-18', '15', '15', '0', '0', '0', '0', '0', '0', '0'),
('2015-05-19', '15', '15', '0', '0', '0', '0', '0', '0', '0'),
('2015-05-20', '15', '15', '0', '0', '0', '0', '0', '0', '0'),
('2015-05-21', '15', '15', '0', '0', '0', '0', '0', '0', '0'),
('2015-05-22', '15', '15', '0', '0', '0', '0', '0', '0', '0'),
('2015-05-23', '15', '15', '0', '0', '0', '0', '0', '0', '0'),
('2015-05-24', '15', '15', '0', '0', '0', '0', '0', '0', '0'),
('2015-05-25', '15', '15', '0', '0', '0', '0', '0', '0', '0'),
('2015-05-26', '15', '15', '0', '0', '0', '0', '0', '0', '0'),
('2015-05-27', '15', '15', '0', '0', '0', '0', '0', '0', '0'),
('2015-05-28', '15', '15', '0', '0', '0', '0', '0', '0', '0'),
('2015-05-29', '15', '15', '0', '0', '0', '0', '0', '0', '0'),
('2015-05-30', '15', '15', '0', '0', '0', '0', '0', '0', '0'),
('2015-05-31', '15', '15', '0', '0', '0', '0', '0', '0', '0'),
('2015-06-01', '15', '15', '0', '0', '0', '0', '0', '0', '0'),
('2015-06-02', '15', '15', '0', '0', '0', '0', '0', '0', '0'),
('2015-06-03', '15', '15', '0', '0', '0', '0', '0', '0', '0'),
('2015-06-04', '15', '15', '0', '0', '0', '0', '0', '0', '0'),
('2015-06-05', '15', '15', '0', '0', '0', '0', '0', '0', '0'),
('2015-06-06', '15', '15', '0', '0', '0', '0', '0', '0', '0'),
('2015-06-07', '15', '15', '0', '0', '0', '0', '0', '0', '0'),
('2015-06-08', '15', '15', '0', '0', '0', '0', '0', '0', '0'),
('2015-06-09', '15', '15', '0', '0', '0', '0', '0', '0', '0'),
('2015-06-10', '15', '15', '0', '0', '0', '0', '0', '0', '0'),
('2015-06-11', '15', '15', '0', '0', '0', '0', '0', '0', '0'),
('2015-06-12', '15', '15', '0', '0', '0', '0', '0', '0', '0'),
('2015-06-13', '15', '15', '0', '0', '0', '0', '0', '0', '0'),
('2015-06-14', '15', '15', '0', '0', '0', '0', '0', '0', '0'),
('2015-06-15', '15', '15', '0', '0', '0', '0', '0', '0', '0'),
('2015-06-16', '15', '15', '0', '0', '0', '0', '0', '0', '0'),
('2015-06-17', '15', '15', '0', '0', '0', '0', '0', '0', '0'),
('2015-06-18', '15', '15', '0', '0', '0', '0', '0', '0', '0'),
('2015-06-19', '15', '15', '0', '0', '0', '0', '0', '0', '0'),
('2015-06-20', '15', '15', '0', '0', '0', '0', '0', '0', '0'),
('2015-06-21', '15', '15', '0', '0', '0', '0', '0', '0', '0'),
('2015-06-22', '15', '15', '0', '0', '0', '0', '0', '0', '0'),
('2015-06-23', '15', '15', '0', '0', '0', '0', '0', '0', '0'),
('2015-06-24', '15', '15', '0', '0', '0', '0', '0', '0', '0'),
('2015-06-25', '15', '15', '0', '0', '0', '0', '0', '0', '0'),
('2015-06-26', '15', '15', '0', '0', '0', '0', '0', '0', '0'),
('2015-06-27', '15', '15', '0', '0', '0', '0', '0', '0', '0'),
('2015-06-28', '15', '15', '0', '0', '0', '0', '0', '0', '0'),
('2015-06-29', '15', '15', '0', '0', '0', '0', '0', '0', '0'),
('2015-06-30', '15', '15', '0', '0', '0', '0', '0', '0', '0'),
('2015-07-01', '15', '15', '0', '0', '0', '0', '0', '0', '0'),
('2015-07-02', '15', '15', '0', '0', '0', '0', '0', '0', '0'),
('2015-07-03', '15', '15', '0', '0', '0', '0', '0', '0', '0'),
('2015-07-04', '15', '15', '0', '0', '0', '0', '0', '0', '0'),
('2015-07-05', '15', '15', '0', '0', '0', '0', '0', '0', '0'),
('2015-07-06', '15', '15', '0', '0', '0', '0', '0', '0', '0'),
('2015-07-07', '15', '15', '0', '0', '0', '0', '0', '0', '0'),
('2015-07-08', '15', '15', '0', '0', '0', '0', '0', '0', '0'),
('2015-07-09', '15', '15', '0', '0', '0', '0', '0', '0', '0'),
('2015-07-10', '15', '15', '0', '0', '0', '0', '0', '0', '0'),
('2015-07-11', '15', '15', '0', '0', '0', '0', '0', '0', '0'),
('2015-07-12', '15', '15', '0', '0', '0', '0', '0', '0', '0'),
('2015-07-13', '15', '15', '0', '0', '0', '0', '0', '0', '0'),
('2015-07-14', '15', '15', '0', '0', '0', '0', '0', '0', '0'),
('2015-07-15', '15', '15', '0', '0', '0', '0', '0', '0', '0'),
('2015-07-16', '15', '15', '0', '0', '0', '0', '0', '0', '0'),
('2015-07-17', '15', '15', '0', '0', '0', '0', '0', '0', '0'),
('2015-07-18', '15', '15', '0', '0', '0', '0', '0', '0', '0'),
('2015-07-19', '15', '15', '0', '0', '0', '0', '0', '0', '0'),
('2015-07-20', '15', '15', '0', '0', '0', '0', '0', '0', '0'),
('2015-07-21', '15', '15', '0', '0', '0', '0', '0', '0', '0'),
('2015-07-22', '15', '15', '0', '0', '0', '0', '0', '0', '0'),
('2015-07-23', '15', '15', '0', '0', '0', '0', '0', '0', '0'),
('2015-07-24', '15', '15', '0', '0', '0', '0', '0', '0', '0'),
('2015-07-25', '15', '15', '0', '0', '0', '0', '0', '0', '0'),
('2015-07-26', '15', '15', '0', '0', '0', '0', '0', '0', '0'),
('2015-07-27', '15', '15', '0', '0', '0', '0', '0', '0', '0'),
('2015-07-28', '15', '15', '0', '0', '0', '0', '0', '0', '0'),
('2015-07-29', '15', '15', '0', '0', '0', '0', '0', '0', '0'),
('2015-07-30', '15', '15', '0', '0', '0', '0', '0', '0', '0'),
('2015-07-31', '15', '15', '0', '0', '0', '0', '0', '0', '0'),
('2015-08-01', '15', '15', '0', '0', '0', '0', '0', '0', '0'),
('2015-08-02', '15', '15', '0', '0', '0', '0', '0', '0', '0'),
('2015-08-03', '15', '15', '0', '0', '0', '0', '0', '0', '0'),
('2015-08-04', '15', '15', '0', '0', '0', '0', '0', '0', '0'),
('2015-08-05', '15', '15', '0', '0', '0', '0', '0', '0', '0'),
('2015-08-06', '15', '15', '0', '0', '0', '0', '0', '0', '0'),
('2015-08-07', '15', '15', '0', '0', '0', '0', '0', '0', '0'),
('2015-08-08', '15', '15', '0', '0', '0', '0', '0', '0', '0'),
('2015-08-09', '15', '15', '0', '0', '0', '0', '0', '0', '0'),
('2015-08-10', '15', '15', '0', '0', '0', '0', '0', '0', '0'),
('2015-08-11', '15', '15', '0', '0', '0', '0', '0', '0', '0'),
('2015-08-12', '15', '15', '0', '0', '0', '0', '0', '0', '0'),
('2015-08-13', '15', '15', '0', '0', '0', '0', '0', '0', '0'),
('2015-08-14', '15', '15', '0', '0', '0', '0', '0', '0', '0'),
('2015-08-15', '15', '15', '0', '0', '0', '0', '0', '0', '0'),
('2015-08-16', '15', '15', '0', '0', '0', '0', '0', '0', '0'),
('2015-08-17', '15', '15', '0', '0', '0', '0', '0', '0', '0'),
('2015-08-18', '15', '15', '0', '0', '0', '0', '0', '0', '0'),
('2015-08-19', '15', '15', '0', '0', '0', '0', '0', '0', '0'),
('2015-08-20', '15', '15', '0', '0', '0', '0', '0', '0', '0'),
('2015-08-21', '15', '15', '0', '0', '0', '0', '0', '0', '0'),
('2015-08-22', '15', '15', '0', '0', '0', '0', '0', '0', '0'),
('2015-08-23', '15', '15', '0', '0', '0', '0', '0', '0', '0'),
('2015-08-24', '15', '15', '0', '0', '0', '0', '0', '0', '0'),
('2015-08-25', '15', '15', '0', '0', '0', '0', '0', '0', '0'),
('2015-08-26', '15', '15', '0', '0', '0', '0', '0', '0', '0'),
('2015-08-27', '15', '15', '0', '0', '0', '0', '0', '0', '0'),
('2015-08-28', '15', '15', '0', '0', '0', '0', '0', '0', '0'),
('2015-08-29', '15', '15', '0', '0', '0', '0', '0', '0', '0'),
('2015-08-30', '15', '15', '0', '0', '0', '0', '0', '0', '0'),
('2015-08-31', '15', '15', '0', '0', '0', '0', '0', '0', '0'),
('2015-09-01', '15', '15', '0', '0', '0', '0', '0', '0', '0'),
('2015-09-02', '15', '15', '0', '0', '0', '0', '0', '0', '0'),
('2015-09-03', '15', '15', '0', '0', '0', '0', '0', '0', '0'),
('2015-09-04', '15', '15', '0', '0', '0', '0', '0', '0', '0'),
('2015-09-05', '15', '15', '0', '0', '0', '0', '0', '0', '0'),
('2015-09-06', '15', '15', '0', '0', '0', '0', '0', '0', '0'),
('2015-09-07', '15', '15', '0', '0', '0', '0', '0', '0', '0'),
('2015-09-08', '15', '15', '0', '0', '0', '0', '0', '0', '0'),
('2015-09-09', '15', '15', '0', '0', '0', '0', '0', '0', '0'),
('2015-09-10', '15', '15', '0', '0', '0', '0', '0', '0', '0'),
('2015-09-11', '15', '15', '0', '0', '0', '0', '0', '0', '0'),
('2015-09-12', '15', '15', '0', '0', '0', '0', '0', '0', '0'),
('2015-09-13', '15', '15', '0', '0', '0', '0', '0', '0', '0'),
('2015-09-14', '15', '15', '0', '6', '5', '2', '2', '2', '4'),
('2015-09-15', '15', '15', '2', '6', '5', '2', '2', '2', '4'),
('2015-09-16', '15', '15', '2', '6', '5', '2', '2', '2', '4'),
('2015-09-17', '15', '15', '2', '0', '5', '2', '2', '2', '4'),
('2015-09-18', '15', '15', '2', '5', '5', '2', '2', '2', '4'),
('2015-09-19', '15', '15', '0', '5', '5', '2', '2', '2', '4'),
('2015-09-20', '15', '15', '0', '5', '5', '2', '0', '2', '4'),
('2015-09-21', '15', '15', '0', '0', '5', '2', '0', '2', '4'),
('2015-09-22', '15', '15', '0', '0', '5', '0', '0', '2', '4'),
('2015-09-23', '15', '15', '0', '0', '0', '0', '0', '2', '4'),
('2015-09-24', '15', '15', '0', '0', '0', '0', '0', '2', '0'),
('2015-09-25', '15', '15', '0', '0', '0', '0', '0', '2', '0'),
('2015-09-26', '15', '15', '0', '0', '0', '0', '0', '2', '0'),
('2015-09-27', '15', '15', '0', '0', '0', '0', '0', '2', '0'),
('2015-09-28', '15', '15', '0', '0', '0', '0', '0', '2', '0'),
('2015-09-29', '15', '15', '0', '0', '0', '0', '0', '2', '0'),
('2015-09-30', '15', '15', '0', '0', '0', '0', '0', '2', '0'),
('2015-10-01', '15', '15', '0', '0', '0', '0', '0', '0', '0'),
('2015-10-02', '15', '15', '0', '0', '0', '0', '0', '0', '0'),
('2015-10-03', '15', '15', '0', '0', '0', '0', '0', '0', '0'),
('2015-10-04', '15', '15', '0', '0', '0', '0', '0', '0', '0'),
('2015-10-05', '15', '15', '0', '0', '0', '0', '0', '0', '0'),
('2015-10-06', '15', '15', '0', '0', '0', '0', '0', '0', '0'),
('2015-10-07', '15', '15', '0', '0', '0', '0', '0', '0', '0'),
('2015-10-08', '15', '15', '0', '0', '0', '0', '0', '0', '0'),
('2015-10-09', '15', '15', '0', '0', '0', '0', '0', '0', '0'),
('2015-10-10', '15', '15', '0', '0', '0', '0', '0', '0', '0'),
('2015-10-11', '15', '15', '0', '0', '0', '0', '0', '0', '0'),
('2015-10-12', '15', '15', '0', '0', '0', '0', '0', '0', '0'),
('2015-10-13', '15', '15', '0', '0', '0', '0', '0', '0', '0'),
('2015-10-14', '15', '15', '0', '0', '0', '0', '0', '0', '0'),
('2015-10-15', '15', '15', '0', '0', '0', '0', '0', '0', '0'),
('2015-10-16', '15', '15', '0', '0', '0', '0', '0', '0', '0'),
('2015-10-17', '15', '15', '0', '0', '0', '0', '0', '0', '0'),
('2015-10-18', '15', '15', '0', '0', '0', '0', '0', '0', '0'),
('2015-10-19', '15', '15', '0', '0', '0', '0', '0', '0', '0'),
('2015-10-20', '15', '15', '0', '0', '0', '0', '0', '0', '0'),
('2015-10-21', '15', '15', '0', '0', '0', '0', '0', '0', '0'),
('2015-10-22', '15', '15', '0', '0', '0', '0', '0', '0', '0'),
('2015-10-23', '15', '15', '0', '0', '0', '0', '0', '0', '0'),
('2015-10-24', '15', '15', '0', '0', '0', '0', '0', '0', '0'),
('2015-10-25', '15', '15', '0', '0', '0', '0', '0', '0', '0'),
('2015-10-26', '15', '15', '0', '0', '0', '0', '0', '0', '0'),
('2015-10-27', '15', '15', '0', '0', '0', '0', '0', '0', '0'),
('2015-10-28', '15', '15', '0', '0', '0', '0', '0', '0', '0'),
('2015-10-29', '15', '15', '0', '0', '0', '0', '0', '0', '0'),
('2015-10-30', '15', '15', '0', '0', '0', '0', '0', '0', '0'),
('2015-10-31', '15', '15', '0', '0', '0', '0', '0', '0', '0'),
('2015-11-01', '15', '15', '0', '0', '0', '0', '0', '0', '0'),
('2015-11-02', '15', '15', '0', '0', '0', '0', '0', '0', '0'),
('2015-11-03', '15', '15', '0', '0', '0', '0', '0', '0', '0'),
('2015-11-04', '15', '15', '0', '0', '0', '0', '0', '0', '0'),
('2015-11-05', '15', '15', '0', '0', '0', '0', '0', '0', '0'),
('2015-11-06', '15', '15', '0', '0', '0', '0', '0', '0', '0'),
('2015-11-07', '15', '15', '0', '0', '0', '0', '0', '0', '0'),
('2015-11-08', '15', '15', '0', '0', '0', '0', '0', '0', '0'),
('2015-11-09', '15', '15', '0', '0', '0', '0', '0', '0', '0'),
('2015-11-10', '15', '15', '0', '0', '0', '0', '0', '0', '0'),
('2015-11-11', '15', '15', '0', '0', '0', '0', '0', '0', '0'),
('2015-11-12', '15', '15', '0', '0', '0', '0', '0', '0', '0'),
('2015-11-13', '15', '15', '0', '0', '0', '0', '0', '0', '0'),
('2015-11-14', '15', '15', '0', '0', '0', '0', '0', '0', '0'),
('2015-11-15', '15', '15', '0', '0', '0', '0', '0', '0', '0'),
('2015-11-16', '15', '15', '0', '0', '0', '0', '0', '0', '0'),
('2015-11-17', '15', '15', '0', '0', '0', '0', '0', '0', '0'),
('2015-11-18', '15', '15', '0', '0', '0', '0', '0', '0', '0'),
('2015-11-19', '15', '15', '0', '0', '0', '0', '0', '0', '0'),
('2015-11-20', '15', '15', '0', '0', '0', '0', '0', '0', '0'),
('2015-11-21', '15', '15', '0', '0', '0', '0', '0', '0', '0'),
('2015-11-22', '15', '15', '0', '0', '0', '0', '0', '0', '0'),
('2015-11-23', '15', '15', '0', '0', '0', '0', '0', '0', '0'),
('2015-11-24', '15', '15', '0', '0', '0', '0', '0', '0', '0'),
('2015-11-25', '15', '15', '0', '0', '0', '0', '0', '0', '0'),
('2015-11-26', '15', '15', '0', '0', '0', '0', '0', '0', '0'),
('2015-11-27', '15', '15', '0', '0', '0', '0', '0', '0', '0'),
('2015-11-28', '15', '15', '0', '0', '0', '0', '0', '0', '0'),
('2015-11-29', '15', '15', '0', '0', '0', '0', '0', '0', '0'),
('2015-11-30', '15', '15', '0', '0', '0', '0', '0', '0', '0'),
('2015-12-01', '15', '15', '0', '0', '0', '0', '0', '0', '0'),
('2015-12-02', '15', '15', '0', '0', '0', '0', '0', '0', '0'),
('2015-12-03', '15', '15', '0', '0', '0', '0', '0', '0', '0'),
('2015-12-04', '15', '15', '0', '0', '0', '0', '0', '0', '0'),
('2015-12-05', '15', '15', '0', '0', '0', '0', '0', '0', '0'),
('2015-12-06', '15', '15', '0', '0', '0', '0', '0', '0', '0'),
('2015-12-07', '15', '15', '0', '0', '0', '0', '0', '0', '0'),
('2015-12-08', '15', '15', '0', '0', '0', '0', '0', '0', '0'),
('2015-12-09', '15', '15', '0', '0', '0', '0', '0', '0', '0'),
('2015-12-10', '15', '15', '0', '0', '0', '0', '0', '0', '0'),
('2015-12-11', '15', '15', '0', '0', '0', '0', '0', '0', '0'),
('2015-12-12', '15', '15', '0', '0', '0', '0', '0', '0', '0'),
('2015-12-13', '15', '15', '0', '0', '0', '0', '0', '0', '0'),
('2015-12-14', '15', '15', '0', '0', '0', '0', '0', '0', '0'),
('2015-12-15', '15', '15', '0', '0', '0', '0', '0', '0', '0'),
('2015-12-16', '15', '15', '0', '0', '0', '0', '0', '0', '0'),
('2015-12-17', '15', '15', '0', '0', '0', '0', '0', '0', '0'),
('2015-12-18', '15', '15', '0', '0', '0', '0', '0', '0', '0'),
('2015-12-19', '15', '15', '0', '0', '0', '0', '0', '0', '0'),
('2015-12-20', '15', '15', '0', '0', '0', '0', '0', '0', '0'),
('2015-12-21', '15', '15', '0', '0', '0', '0', '0', '0', '0'),
('2015-12-22', '15', '15', '0', '0', '0', '0', '0', '0', '0'),
('2015-12-23', '15', '15', '0', '0', '0', '0', '0', '0', '0'),
('2015-12-24', '15', '15', '0', '0', '0', '0', '0', '0', '0'),
('2015-12-25', '15', '15', '0', '0', '0', '0', '0', '0', '0'),
('2015-12-26', '15', '15', '0', '0', '0', '0', '0', '0', '0'),
('2015-12-27', '15', '15', '0', '0', '0', '0', '0', '0', '0'),
('2015-12-28', '15', '15', '0', '0', '0', '0', '0', '0', '0'),
('2015-12-29', '15', '15', '0', '0', '0', '0', '0', '0', '0'),
('2015-12-30', '15', '15', '0', '0', '0', '0', '0', '0', '0'),
('2015-12-31', '15', '15', '0', '0', '0', '0', '0', '0', '0');

-- --------------------------------------------------------

--
-- Δομή πίνακα για τον πίνακα `customer`
--

CREATE TABLE IF NOT EXISTS `customer` (
  `ID` int(11) NOT NULL,
  `Fname` varchar(100) COLLATE utf8_unicode_ci NOT NULL,
  `Lname` varchar(100) COLLATE utf8_unicode_ci NOT NULL,
  `Email` varchar(300) COLLATE utf8_unicode_ci NOT NULL,
  `Phone` varchar(100) COLLATE utf8_unicode_ci NOT NULL
) ENGINE=MyISAM AUTO_INCREMENT=5 DEFAULT CHARSET=utf8 COLLATE=utf8_unicode_ci;

--
-- Άδειασμα δεδομένων του πίνακα `customer`
--

INSERT INTO `customer` (`ID`, `Fname`, `Lname`, `Email`, `Phone`) VALUES
(2, 'Anestis', 'Stamatis', 'cactuserp@gmail.com', '2684032836'),
(3, 'George', 'Stamatis', 'stamatisd@windowslive.com', '2310903725'),
(4, 'Dimtris', 'Stamatis', 'dstamatis48@gmail.com', '6972274056');

-- --------------------------------------------------------

--
-- Δομή πίνακα για τον πίνακα `details`
--

CREATE TABLE IF NOT EXISTS `details` (
  `ID` int(11) NOT NULL,
  `ReservationID` int(11) NOT NULL,
  `RoomType` int(11) NOT NULL,
  `Amount` int(11) NOT NULL
) ENGINE=MyISAM AUTO_INCREMENT=11 DEFAULT CHARSET=utf8 COLLATE=utf8_unicode_ci;

--
-- Άδειασμα δεδομένων του πίνακα `details`
--

INSERT INTO `details` (`ID`, `ReservationID`, `RoomType`, `Amount`) VALUES
(6, 6, 3, 1),
(7, 7, 1, 2),
(8, 8, 1, 1),
(9, 9, 1, 1),
(10, 9, 2, 1);

-- --------------------------------------------------------

--
-- Δομή πίνακα για τον πίνακα `reservations`
--

CREATE TABLE IF NOT EXISTS `reservations` (
  `ID` int(11) NOT NULL,
  `CustomerID` int(11) NOT NULL,
  `Date_In` date NOT NULL,
  `Date_Out` date NOT NULL,
  `Cost` double NOT NULL,
  `Confirm` int(1) NOT NULL DEFAULT '0',
  `Created` date NOT NULL
) ENGINE=MyISAM AUTO_INCREMENT=10 DEFAULT CHARSET=utf8 COLLATE=utf8_unicode_ci;

--
-- Άδειασμα δεδομένων του πίνακα `reservations`
--

INSERT INTO `reservations` (`ID`, `CustomerID`, `Date_In`, `Date_Out`, `Cost`, `Confirm`, `Created`) VALUES
(6, 2, '2014-11-29', '2014-11-30', 36, 0, '0000-00-00'),
(7, 3, '2015-03-10', '2015-03-12', 200, 0, '0000-00-00'),
(8, 4, '2015-03-26', '2015-03-31', 250, 0, '0000-00-00'),
(9, 2, '2015-03-26', '2015-03-27', 50, 0, '0000-00-00');

-- --------------------------------------------------------

--
-- Δομή πίνακα για τον πίνακα `room1prices`
--

CREATE TABLE IF NOT EXISTS `room1prices` (
  `From` date NOT NULL,
  `To` date NOT NULL,
  `Price` double NOT NULL
) ENGINE=MyISAM DEFAULT CHARSET=utf8 COLLATE=utf8_unicode_ci;

--
-- Άδειασμα δεδομένων του πίνακα `room1prices`
--

INSERT INTO `room1prices` (`From`, `To`, `Price`) VALUES
('2014-05-09', '2014-06-30', 42),
('2014-07-01', '2014-07-31', 55),
('2014-08-01', '2014-08-31', 77),
('2014-09-01', '2014-09-30', 42),
('2014-11-15', '2014-11-17', 50),
('2014-11-18', '2014-11-19', 45),
('2015-01-22', '2015-01-27', 44),
('2015-02-12', '2015-12-31', 50);

-- --------------------------------------------------------

--
-- Δομή πίνακα για τον πίνακα `room2prices`
--

CREATE TABLE IF NOT EXISTS `room2prices` (
  `From` date NOT NULL,
  `To` date NOT NULL,
  `Price` double NOT NULL
) ENGINE=MyISAM DEFAULT CHARSET=utf8 COLLATE=utf8_unicode_ci;

--
-- Άδειασμα δεδομένων του πίνακα `room2prices`
--

INSERT INTO `room2prices` (`From`, `To`, `Price`) VALUES
('2014-05-09', '2014-06-30', 47),
('2014-07-01', '2014-07-31', 62),
('2014-08-01', '2014-08-31', 82),
('2014-09-01', '2014-09-30', 47),
('2015-02-12', '2015-12-31', 70);

-- --------------------------------------------------------

--
-- Δομή πίνακα για τον πίνακα `room3prices`
--

CREATE TABLE IF NOT EXISTS `room3prices` (
  `From` date NOT NULL,
  `To` date NOT NULL,
  `Price` double NOT NULL
) ENGINE=MyISAM DEFAULT CHARSET=utf8 COLLATE=utf8_unicode_ci;

--
-- Άδειασμα δεδομένων του πίνακα `room3prices`
--

INSERT INTO `room3prices` (`From`, `To`, `Price`) VALUES
('2014-05-09', '2014-06-30', 60),
('2014-07-01', '2014-07-31', 75),
('2014-08-01', '2014-08-31', 102),
('2014-09-01', '2014-09-30', 60),
('2014-11-28', '2014-11-30', 36),
('2015-09-15', '2015-09-18', 80);

-- --------------------------------------------------------

--
-- Δομή πίνακα για τον πίνακα `room4prices`
--

CREATE TABLE IF NOT EXISTS `room4prices` (
  `From` date NOT NULL,
  `To` date NOT NULL,
  `Price` double NOT NULL
) ENGINE=MyISAM DEFAULT CHARSET=utf8 COLLATE=utf8_unicode_ci;

--
-- Άδειασμα δεδομένων του πίνακα `room4prices`
--

INSERT INTO `room4prices` (`From`, `To`, `Price`) VALUES
('2015-09-14', '2015-09-16', 89),
('2015-09-18', '2015-09-20', 60);

-- --------------------------------------------------------

--
-- Δομή πίνακα για τον πίνακα `room5prices`
--

CREATE TABLE IF NOT EXISTS `room5prices` (
  `From` date NOT NULL,
  `To` date NOT NULL,
  `Price` double NOT NULL
) ENGINE=MyISAM DEFAULT CHARSET=utf8 COLLATE=utf8_unicode_ci;

--
-- Άδειασμα δεδομένων του πίνακα `room5prices`
--

INSERT INTO `room5prices` (`From`, `To`, `Price`) VALUES
('2015-09-14', '2015-09-22', 45);

-- --------------------------------------------------------

--
-- Δομή πίνακα για τον πίνακα `room6prices`
--

CREATE TABLE IF NOT EXISTS `room6prices` (
  `From` date NOT NULL,
  `To` date NOT NULL,
  `Price` double NOT NULL
) ENGINE=MyISAM DEFAULT CHARSET=utf8 COLLATE=utf8_unicode_ci;

--
-- Άδειασμα δεδομένων του πίνακα `room6prices`
--

INSERT INTO `room6prices` (`From`, `To`, `Price`) VALUES
('2015-09-14', '2015-09-21', 50);

-- --------------------------------------------------------

--
-- Δομή πίνακα για τον πίνακα `room7prices`
--

CREATE TABLE IF NOT EXISTS `room7prices` (
  `From` date NOT NULL,
  `To` date NOT NULL,
  `Price` double NOT NULL
) ENGINE=MyISAM DEFAULT CHARSET=utf8 COLLATE=utf8_unicode_ci;

--
-- Άδειασμα δεδομένων του πίνακα `room7prices`
--

INSERT INTO `room7prices` (`From`, `To`, `Price`) VALUES
('2015-09-14', '2015-09-19', 65);

-- --------------------------------------------------------

--
-- Δομή πίνακα για τον πίνακα `room8prices`
--

CREATE TABLE IF NOT EXISTS `room8prices` (
  `From` date NOT NULL,
  `To` date NOT NULL,
  `Price` double NOT NULL
) ENGINE=MyISAM DEFAULT CHARSET=utf8 COLLATE=utf8_unicode_ci;

--
-- Άδειασμα δεδομένων του πίνακα `room8prices`
--

INSERT INTO `room8prices` (`From`, `To`, `Price`) VALUES
('2015-09-14', '2015-09-30', 250);

-- --------------------------------------------------------

--
-- Δομή πίνακα για τον πίνακα `room9prices`
--

CREATE TABLE IF NOT EXISTS `room9prices` (
  `From` date NOT NULL,
  `To` date NOT NULL,
  `Price` double NOT NULL
) ENGINE=MyISAM DEFAULT CHARSET=utf8 COLLATE=utf8_unicode_ci;

--
-- Άδειασμα δεδομένων του πίνακα `room9prices`
--

INSERT INTO `room9prices` (`From`, `To`, `Price`) VALUES
('2015-09-14', '2015-09-23', 84);

-- --------------------------------------------------------

--
-- Δομή πίνακα για τον πίνακα `rooms`
--

CREATE TABLE IF NOT EXISTS `rooms` (
  `ID` int(11) NOT NULL,
  `Type` varchar(50) COLLATE utf8_unicode_ci NOT NULL,
  `Description` varchar(300) COLLATE utf8_unicode_ci NOT NULL,
  `Capacity` int(2) NOT NULL,
  `image` varchar(100) COLLATE utf8_unicode_ci NOT NULL
) ENGINE=MyISAM AUTO_INCREMENT=10 DEFAULT CHARSET=utf8 COLLATE=utf8_unicode_ci;

--
-- Άδειασμα δεδομένων του πίνακα `rooms`
--

INSERT INTO `rooms` (`ID`, `Type`, `Description`, `Capacity`, `image`) VALUES
(1, 'Studio 2 Persons', 'A great room for two persons.', 2, ''),
(2, 'Studio 3 Persons', 'A large room with great places.', 3, ''),
(3, 'Apartment 4 Persons', 'This room is ideal for families. It is large and relaxing.', 4, ''),
(4, 'Superior Suite', 'Our big Suite', 8, ''),
(5, '301', 'Up Sters', 2, ''),
(6, '302', 'Two Beds', 2, ''),
(7, '303', 'One Large Bed', 2, ''),
(8, 'Kings Suite', '5 Big Beds', 8, ''),
(9, 'Apartment Superior', 'Kitchen and big windows', 5, '');

-- --------------------------------------------------------

--
-- Δομή πίνακα για τον πίνακα `terms`
--

CREATE TABLE IF NOT EXISTS `terms` (
  `Check_In` time NOT NULL,
  `Check_Out` time NOT NULL,
  `Cancel` varchar(500) COLLATE utf8_unicode_ci NOT NULL,
  `Children` varchar(500) COLLATE utf8_unicode_ci NOT NULL,
  `Pets` varchar(500) COLLATE utf8_unicode_ci NOT NULL,
  `Credit_Cards` varchar(500) COLLATE utf8_unicode_ci NOT NULL,
  `Other` varchar(500) COLLATE utf8_unicode_ci NOT NULL
) ENGINE=MyISAM DEFAULT CHARSET=utf8 COLLATE=utf8_unicode_ci;

-- --------------------------------------------------------

--
-- Δομή πίνακα για τον πίνακα `test`
--

CREATE TABLE IF NOT EXISTS `test` (
  `detail` date NOT NULL
) ENGINE=MyISAM DEFAULT CHARSET=utf8 COLLATE=utf8_unicode_ci;

-- --------------------------------------------------------

--
-- Δομή πίνακα για τον πίνακα `users`
--

CREATE TABLE IF NOT EXISTS `users` (
  `ID` int(11) NOT NULL,
  `FirstName` varchar(50) COLLATE utf8_unicode_ci NOT NULL,
  `LastName` varchar(50) COLLATE utf8_unicode_ci NOT NULL,
  `UserName` varchar(50) COLLATE utf8_unicode_ci NOT NULL,
  `Password` varchar(50) COLLATE utf8_unicode_ci NOT NULL,
  `LastLogin` date DEFAULT NULL
) ENGINE=MyISAM DEFAULT CHARSET=utf8 COLLATE=utf8_unicode_ci;

--
-- Ευρετήρια για άχρηστους πίνακες
--

--
-- Ευρετήρια για πίνακα `androidreservations`
--
ALTER TABLE `androidreservations`
  ADD PRIMARY KEY (`ID`);

--
-- Ευρετήρια για πίνακα `availability`
--
ALTER TABLE `availability`
  ADD PRIMARY KEY (`Dates`);

--
-- Ευρετήρια για πίνακα `customer`
--
ALTER TABLE `customer`
  ADD PRIMARY KEY (`ID`),
  ADD UNIQUE KEY `Email` (`Email`);

--
-- Ευρετήρια για πίνακα `details`
--
ALTER TABLE `details`
  ADD PRIMARY KEY (`ID`);

--
-- Ευρετήρια για πίνακα `reservations`
--
ALTER TABLE `reservations`
  ADD PRIMARY KEY (`ID`);

--
-- Ευρετήρια για πίνακα `rooms`
--
ALTER TABLE `rooms`
  ADD PRIMARY KEY (`ID`);

--
-- Ευρετήρια για πίνακα `test`
--
ALTER TABLE `test`
  ADD PRIMARY KEY (`detail`);

--
-- Ευρετήρια για πίνακα `users`
--
ALTER TABLE `users`
  ADD PRIMARY KEY (`ID`);

--
-- AUTO_INCREMENT για άχρηστους πίνακες
--

--
-- AUTO_INCREMENT για πίνακα `androidreservations`
--
ALTER TABLE `androidreservations`
  MODIFY `ID` int(11) NOT NULL AUTO_INCREMENT;
--
-- AUTO_INCREMENT για πίνακα `customer`
--
ALTER TABLE `customer`
  MODIFY `ID` int(11) NOT NULL AUTO_INCREMENT,AUTO_INCREMENT=5;
--
-- AUTO_INCREMENT για πίνακα `details`
--
ALTER TABLE `details`
  MODIFY `ID` int(11) NOT NULL AUTO_INCREMENT,AUTO_INCREMENT=11;
--
-- AUTO_INCREMENT για πίνακα `reservations`
--
ALTER TABLE `reservations`
  MODIFY `ID` int(11) NOT NULL AUTO_INCREMENT,AUTO_INCREMENT=10;
--
-- AUTO_INCREMENT για πίνακα `rooms`
--
ALTER TABLE `rooms`
  MODIFY `ID` int(11) NOT NULL AUTO_INCREMENT,AUTO_INCREMENT=10;
--
-- AUTO_INCREMENT για πίνακα `users`
--
ALTER TABLE `users`
  MODIFY `ID` int(11) NOT NULL AUTO_INCREMENT;
/*!40101 SET CHARACTER_SET_CLIENT=@OLD_CHARACTER_SET_CLIENT */;
/*!40101 SET CHARACTER_SET_RESULTS=@OLD_CHARACTER_SET_RESULTS */;
/*!40101 SET COLLATION_CONNECTION=@OLD_COLLATION_CONNECTION */;
